{
    "m_Version": 6,
    "m_DisplayName": "Acessórios ARMAS",
    "Position": [
        8350.349609375,
        122.30899810791016,
        10890.099609375
    ],
    "Radius": 15.0,
    "BuyPricePercent": 100.0,
    "SellPricePercent": -1.0,
    "Stock": {
        "pp19_bttstck": 100,
        "ammo_40mm_smoke_black": 500,
        "mag_pp19_64rnd": 100,
        "mag_cmag_10rnd": 100,
        "m4_plastichndgrd": 100,
        "m4_mphndgrd": 100,
        "mag_ak74_45rnd": 100,
        "mag_famas_25rnd": 100,
        "ak_plasticbttstck": 100,
        "kukriknife": 100,
        "mag_saiga_8rnd": 100,
        "ammo_40mm_explosive": 500,
        "fangeknife": 100,
        "mag_akm_30rnd": 100,
        "mag_stanagcoupled_30rnd": 100,
        "ammo_40mm_chemgas": 500,
        "ammobox_762x39tracer_20rnd": 500,
        "ammobox_380_35rnd": 500,
        "ammo_45acp": 500,
        "mag_cz75_15rnd": 100,
        "ammobox_762x39_20rnd": 500,
        "ammo_12garubberslug": 500,
        "mp5_plastichndgrd": 100,
        "ammo_762x54tracer": 500,
        "acogoptic_6x": 100,
        "ak_suppressor": 100,
        "m4_mpbttstck": 100,
        "puscopeoptic": 100,
        "mag_ssg82_5rnd": 100,
        "ammobox_9x39_20rnd": 500,
        "ammobox_556x45tracer_20rnd": 500,
        "mag_fnx45_15rnd": 100,
        "acogoptic": 100,
        "ak74_woodbttstck": 100,
        "pso11optic": 100,
        "kazuaroptic": 100,
        "ammobox_556x45_20rnd": 500,
        "ak_plastichndgrd": 100,
        "mag_fal_20rnd": 100,
        "ammo_flarered": 500,
        "mag_glock_15rnd": 100,
        "fal_foldingbttstck": 100,
        "ammobox_308win_20rnd": 500,
        "buisoptic": 100,
        "ammo_556x45tracer": 500,
        "ammo_flaregreen": 500,
        "ammobox_545x39_20rnd": 500,
        "mag_1911_7rnd": 100,
        "mag_val_20rnd": 100,
        "ammo_556x45": 500,
        "ammo_357": 500,
        "crudemachete": 100,
        "m4_oebttstck": 100,
        "ammo_762x39": 500,
        "ammobox_308wintracer_20rnd": 500,
        "mag_scout_5rnd": 100,
        "mag_mp5_15rnd": 100,
        "mag_ak101_30rnd": 100,
        "steakknife": 100,
        "ammobox_545x39tracer_20rnd": 500,
        "ghillieatt_woodland": 100,
        "mag_saiga_5rnd": 100,
        "mosin_compensator": 100,
        "mag_deagle_9rnd": 100,
        "mag_ruger1022_30rnd": 100,
        "mag_saiga_drum20rnd": 100,
        "ammobox_9x19_25rnd": 500,
        "huntingoptic": 100,
        "kobraoptic": 100,
        "mag_p1_8rnd": 100,
        "mag_akm_drum75rnd": 100,
        "mag_mkii_10rnd": 100,
        "ammobox_22_50rnd": 500,
        "starlightoptic": 100,
        "ammo_flare": 500,
        "mag_ump_25rnd": 100,
        "mp5_compensator": 100,
        "ak_woodhndgrd": 100,
        "fal_oebttstck": 100,
        "cleaver": 100,
        "pistolsuppressor": 100,
        "mp5_railhndgrd": 100,
        "ghillieatt_tan": 100,
        "ammo_12gaslug": 500,
        "combatknife": 100,
        "mag_svd_10rnd": 100,
        "ammobox_00buck_10rnd": 500,
        "ammo_40mm_smoke_white": 500,
        "ak_railhndgrd": 100,
        "machete": 100,
        "ammo_40mm_smoke_red": 500,
        "pso1optic": 100,
        "ammo_40mm_smoke_green": 500,
        "kitchenknife": 100,
        "ak_foldingbttstck": 100,
        "mag_cz550_4rnd": 100,
        "mag_aug_30rnd": 100,
        "pistoloptic": 100,
        "reflexoptic": 100,
        "ammo_12gapellets": 500,
        "ammobox_357_20rnd": 500,
        "ammobox_12garubberslug_10rnd": 500,
        "mag_ij70_8rnd": 100,
        "ammo_308wintracer": 500,
        "huntingknife": 100,
        "mag_stanag_60rnd": 100,
        "mag_akm_palm30rnd": 100,
        "ammo_9x39": 500,
        "mag_cz550_10rnd": 100,
        "m4_carryhandleoptic": 100,
        "orientalmachete": 100,
        "ammo_380": 500,
        "m4_t3nrdsoptic": 100,
        "ammobox_45acp_25rnd": 500,
        "ammo_22": 500,
        "aks74u_bttstck": 100,
        "mag_vss_10rnd": 100,
        "sks_bayonet": 100,
        "mosin_bayonet": 100,
        "ammobox_12gaslug_10rnd": 500,
        "ghillieatt_mossy": 100,
        "m4_cqbbttstck": 100,
        "ammobox_9x39ap_20rnd": 500,
        "ammo_762x54": 500,
        "mag_cz61_20rnd": 100,
        "m68optic": 100,
        "ammobox_762x54tracer_20rnd": 500,
        "m4_rishndgrd": 100,
        "mag_ruger1022_15rnd": 100,
        "mag_cmag_40rnd": 100,
        "mag_stanag_30rnd": 100,
        "ak74_hndgrd": 100,
        "ammo_545x39": 500,
        "ak_woodbttstck": 100,
        "mag_cmag_20rnd": 100,
        "ammo_545x39tracer": 500,
        "ammobox_762x54_20rnd": 500,
        "m9a1_bayonet": 100,
        "kashtanoptic": 100,
        "mag_cmag_30rnd": 100,
        "mp5k_stockbttstck": 100,
        "mag_mp5_30rnd": 100,
        "m4_suppressor": 100,
        "battery9v": 500,
        "mag_ak74_30rnd": 100,
        "mag_cz527_5rnd": 100,
        "ak_bayonet": 100,
        "ammo_9x39ap": 500,
        "fnp45_mrdsoptic": 100,
        "ammo_9x19": 500,
        "saiga_bttstck": 100,
        "ammo_flareblue": 500,
        "ammo_308win": 500,
        "ammo_762x39tracer": 500
    }
}