{
    "m_Version": 6,
    "m_DisplayName": "Armeiro VANILA",
    "Position": [
        9263.1103515625,
        51.99369812011719,
        15301.900390625
    ],
    "Radius": 15.0,
    "BuyPricePercent": 100.0,
    "SellPricePercent": -1.0,
    "Stock": {
        "m4_plastichndgrd": 100,
        "aug": 100,
        "ammo_9x39": 500,
        "augshort": 100,
        "ak_plasticbttstck": 100,
        "asval": 15,
        "mag_saiga_8rnd": 100,
        "mag_akm_30rnd": 100,
        "ak74": 100,
        "vss": 15,
        "ammo_45acp": 500,
        "cz75": 56,
        "broom_birch": 1,
        "famas": 100,
        "ammo_545x39tracer": 500,
        "stunbaton": 1,
        "m4a1": 100,
        "ammo_308win": 500,
        "ammo_9x19": 500,
        "mag_ssg82_5rnd": 100,
        "glock19": 56,
        "ak74_woodbttstck": 100,
        "makarovij70": 56,
        "ak_plastichndgrd": 100,
        "mag_fal_20rnd": 100,
        "mag_glock_15rnd": 100,
        "derringer_pink": 56,
        "ammo_556x45tracer": 500,
        "fnx45": 56,
        "mag_mkii_10rnd": 100,
        "mag_val_20rnd": 100,
        "ammo_556x45": 500,
        "ammo_357": 500,
        "ruger1022": 15,
        "m16a2": 100,
        "brassknuckles_shiny": 1,
        "mag_scout_5rnd": 100,
        "mag_ak101_30rnd": 100,
        "cattleprod": 1,
        "izh43shotgun": 50,
        "mag_cz75_15rnd": 100,
        "ammo_545x39": 500,
        "derringer_grey": 56,
        "p1": 56,
        "mag_deagle_9rnd": 100,
        "cz527": 15,
        "mp133shotgun": 50,
        "longhorn": 56,
        "engraved1911": 75,
        "mag_p1_8rnd": 100,
        "svd": 15,
        "mag_1911_7rnd": 100,
        "mosin9130": 15,
        "ak_woodhndgrd": 100,
        "repeater": 15,
        "fal_oebttstck": 100,
        "ammo_762x54tracer": 500,
        "magnum": 56,
        "deagle": 56,
        "b95": 15,
        "baseballbat": 1,
        "mag_svd_10rnd": 100,
        "barbedbaseballbat": 1,
        "m4_oebttstck": 100,
        "ammo_762x54": 500,
        "mag_cz550_4rnd": 100,
        "akm": 100,
        "mag_aug_30rnd": 100,
        "izh18": 15,
        "ammo_12gapellets": 500,
        "colt1911": 56,
        "ssg82": 15,
        "ammo_308wintracer": 500,
        "brassknuckles_dull": 1,
        "mag_famas_25rnd": 100,
        "m4_carryhandleoptic": 100,
        "nailedbaseballbat": 1,
        "ammo_380": 500,
        "broom": 1,
        "izh18shotgun": 50,
        "ammo_22": 500,
        "mag_vss_10rnd": 100,
        "saiga": 50,
        "pipe": 1,
        "cz550": 15,
        "mag_ruger1022_15rnd": 100,
        "scout_chernarus": 15,
        "derringer_black": 56,
        "mag_stanag_30rnd": 100,
        "ak74_hndgrd": 100,
        "ak101": 100,
        "ak_woodbttstck": 100,
        "mag_ij70_8rnd": 100,
        "mkii": 56,
        "fal": 100,
        "mag_ak74_30rnd": 100,
        "mag_cz527_5rnd": 100,
        "ammo_9x39ap": 500,
        "saiga_bttstck": 100,
        "ammo_762x39tracer": 500,
        "winchester70": 15,
        "mag_fnx45_15rnd": 100,
        "ammo_762x39": 500,
        "deagle_gold": 7
    }
}